Date,Time,month
2019-01-05,13:08,January
2019-03-08,10:29,March
2019-03-03,13:23,March
2019-01-27,20:33,January
2019-02-08,10:37,February
2019-03-25,18:30,March
2019-02-25,14:36,February
2019-02-24,11:38,February
2019-01-10,17:15,January
2019-02-20,13:27,February
2019-02-06,18:07,February
2019-03-09,17:03,March
2019-02-12,10:25,February
2019-02-07,16:48,February
2019-03-29,19:21,March
2019-01-15,16:19,January
2019-03-11,11:03,March
2019-01-01,10:39,January
2019-01-21,18:00,January
2019-03-11,15:30,March
2019-02-25,11:24,February
2019-03-05,10:40,March
2019-03-15,12:20,March
2019-02-17,11:15,February
2019-03-02,17:36,March
2019-03-22,19:20,March
2019-02-08,15:31,February
2019-03-10,12:17,March
2019-01-25,19:48,January
2019-03-15,15:36,March
2019-02-25,19:39,February
2019-01-28,12:43,January
2019-01-10,14:49,January
2019-03-15,10:12,March
2019-02-06,10:42,February
2019-01-07,12:28,January
2019-03-10,19:15,March
2019-01-15,17:17,January
2019-03-23,13:24,March
2019-03-03,13:01,March
2019-01-17,18:45,January
2019-02-02,10:11,February
2019-02-08,13:03,February
2019-03-04,20:39,March
2019-03-16,19:47,March
2019-03-09,18:00,March
2019-02-27,17:24,February
2019-02-06,15:47,February
2019-02-10,12:45,February
2019-03-19,17:08,March
2019-02-03,10:19,February
2019-02-10,15:10,February
2019-03-22,14:42,March
2019-01-25,15:46,January
2019-03-07,11:49,March
2019-02-28,19:01,February
2019-03-27,11:26,March
2019-02-07,11:28,February
2019-01-20,15:55,January
2019-03-12,20:36,March
2019-02-15,17:47,February
2019-02-24,10:55,February
2019-02-03,13:40,February
2019-03-06,12:27,March
2019-02-14,14:35,February
2019-03-13,16:40,March
2019-02-10,15:43,February
2019-01-07,15:01,January
2019-01-24,10:04,January
2019-02-02,18:50,February
2019-01-06,12:46,January
2019-02-11,16:19,February
2019-03-05,18:17,March
2019-03-09,18:21,March
2019-01-22,10:55,January
2019-01-13,17:04,January
2019-01-09,14:20,January
2019-01-12,15:48,January
2019-03-05,16:24,March
2019-01-22,18:56,January
2019-01-21,14:42,January
2019-01-26,19:56,January
2019-01-23,18:37,January
2019-02-23,18:45,February
2019-03-09,10:17,March
2019-03-05,14:31,March
2019-03-25,10:23,March
2019-03-27,20:35,March
2019-01-02,16:57,January
2019-02-27,17:55,February
2019-01-23,10:25,January
2019-01-26,19:54,January
2019-01-10,16:42,January
2019-03-12,12:09,March
2019-02-06,20:05,February
2019-03-08,20:38,March
2019-03-29,10:25,March
2019-02-09,13:11,February
2019-03-23,10:16,March
2019-03-05,18:14,March
2019-03-26,19:20,March
2019-03-01,13:22,March
2019-02-01,11:27,February
2019-03-28,16:44,March
2019-03-19,18:19,March
2019-01-12,14:50,January
2019-01-05,20:54,January
2019-03-22,20:19,March
2019-03-24,10:43,March
2019-03-03,14:30,March
2019-02-05,11:32,February
2019-02-05,10:41,February
2019-02-15,12:44,February
2019-01-19,20:07,January
2019-02-01,20:31,February
2019-03-02,13:01,March
2019-03-05,12:29,March
2019-01-16,15:26,January
2019-02-02,20:48,February
2019-01-20,20:38,January
2019-02-14,17:03,February
2019-01-12,12:02,January
2019-03-09,17:26,March
2019-03-13,19:52,March
2019-03-09,14:57,March
2019-03-10,18:44,March
2019-01-27,13:26,January
2019-01-08,16:17,January
2019-01-08,15:57,January
2019-02-08,11:15,February
2019-01-25,13:18,January
2019-03-06,20:34,March
2019-02-10,18:36,February
2019-02-17,14:40,February
2019-03-08,16:43,March
2019-02-18,19:39,February
2019-01-18,20:59,January
2019-02-18,15:39,February
2019-02-16,12:21,February
2019-03-16,19:25,March
2019-01-23,13:00,January
2019-01-25,13:48,January
2019-02-05,19:57,February
2019-02-22,10:36,February
2019-01-21,16:37,January
2019-03-08,17:11,March
2019-02-10,12:28,February
2019-03-19,12:46,March
2019-03-06,15:07,March
2019-03-27,13:48,March
2019-03-23,19:20,March
2019-03-11,16:07,March
2019-01-29,11:56,January
2019-02-07,18:23,February
2019-01-28,13:05,January
2019-02-20,15:55,February
2019-01-04,19:40,January
2019-03-07,13:58,March
2019-03-30,14:43,March
2019-03-27,19:18,March
2019-01-19,19:39,January
2019-02-25,16:21,February
2019-03-13,19:44,March
2019-01-30,19:42,January
2019-02-20,15:24,February
2019-02-25,14:12,February
2019-01-16,13:32,January
2019-02-08,16:20,February
2019-01-19,16:31,January
2019-02-01,15:10,February
2019-01-03,11:36,January
2019-01-26,12:45,January
2019-03-03,19:17,March
2019-01-19,17:34,January
2019-01-18,12:04,January
2019-03-21,16:21,March
2019-03-03,17:01,March
2019-02-13,10:50,February
2019-03-23,19:16,March
2019-01-28,16:47,January
2019-02-09,10:00,February
2019-01-23,11:51,January
2019-03-23,10:55,March
2019-01-25,15:00,January
2019-03-04,11:19,March
2019-03-05,19:46,March
2019-03-03,19:00,March
2019-02-08,10:53,February
2019-02-10,12:50,February
2019-01-28,20:50,January
2019-02-11,10:39,February
2019-01-15,13:41,January
2019-03-16,19:08,March
2019-01-26,20:23,January
2019-03-19,11:30,March
2019-01-13,19:30,January
2019-03-26,18:03,March
2019-03-23,10:13,March
2019-03-12,19:58,March
2019-02-17,19:57,February
2019-01-29,10:01,January
2019-03-15,11:57,March
2019-01-14,10:02,January
2019-02-06,14:51,February
2019-02-15,12:42,February
2019-01-03,12:02,January
2019-01-04,18:19,January
2019-03-18,17:38,March
2019-03-28,13:41,March
2019-03-02,19:42,March
2019-01-25,20:24,January
2019-01-16,18:08,January
2019-03-20,19:17,March
2019-01-04,13:24,January
2019-03-11,15:53,March
2019-03-22,15:05,March
2019-03-24,18:27,March
2019-02-21,16:55,February
2019-02-12,12:58,February
2019-03-10,18:59,March
2019-01-31,13:44,January
2019-03-06,13:46,March
2019-02-17,18:06,February
2019-02-21,12:38,February
2019-03-20,15:56,March
2019-01-11,14:29,January
2019-01-26,19:14,January
2019-01-31,16:24,January
2019-02-26,10:52,February
2019-03-11,12:55,March
2019-01-26,19:28,January
2019-03-12,13:52,March
2019-02-11,10:54,February
2019-02-21,18:31,February
2019-03-09,18:24,March
2019-01-20,18:09,January
2019-01-28,15:16,January
2019-03-05,17:07,March
2019-03-02,19:26,March
2019-01-11,11:20,January
2019-01-11,16:49,January
2019-03-11,12:01,March
2019-02-28,18:37,February
2019-01-05,11:25,January
2019-02-02,18:42,February
2019-01-01,14:47,January
2019-02-09,19:43,February
2019-01-23,14:04,January
2019-01-07,16:11,January
2019-01-14,19:06,January
2019-02-02,15:34,February
2019-03-17,19:06,March
2019-03-02,19:44,March
2019-03-16,11:22,March
2019-01-06,11:23,January
2019-01-29,14:12,January
2019-01-31,10:46,January
2019-02-05,10:16,February
2019-02-13,12:38,February
2019-02-07,13:05,February
2019-03-19,13:25,March
2019-03-07,14:53,March
2019-03-13,19:22,March
2019-02-09,11:00,February
2019-02-26,19:24,February
2019-03-12,12:43,March
2019-03-14,17:22,March
2019-01-08,20:55,January
2019-01-05,16:05,January
2019-01-04,13:34,January
2019-03-06,18:13,March
2019-01-03,19:17,January
2019-01-07,11:44,January
2019-01-27,15:51,January
2019-02-26,16:52,February
2019-01-07,20:52,January
2019-01-07,17:36,January
2019-02-02,13:23,February
2019-03-20,16:28,March
2019-03-20,19:57,March
2019-02-15,17:01,February
2019-03-06,13:29,March
2019-01-06,11:09,January
2019-03-04,15:02,March
2019-03-12,14:21,March
2019-02-20,18:01,February
2019-03-24,14:49,March
2019-01-31,12:02,January
2019-01-25,13:30,January
2019-02-03,14:38,February
2019-01-24,17:37,January
2019-03-14,17:20,March
2019-02-18,20:29,February
2019-01-21,10:00,January
2019-03-13,11:46,March
2019-03-03,13:42,March
2019-03-29,14:44,March
2019-01-10,14:16,January
2019-01-25,15:54,January
2019-01-19,10:21,January
2019-01-02,18:09,January
2019-03-12,16:46,March
2019-02-25,15:31,February
2019-03-18,17:15,March
2019-02-23,12:29,February
2019-03-26,20:14,March
2019-03-30,13:22,March
2019-02-17,17:09,February
2019-03-21,10:40,March
2019-03-05,17:43,March
2019-01-31,14:04,January
2019-02-05,19:05,February
2019-02-01,10:08,February
2019-03-07,13:12,March
2019-02-10,20:51,February
2019-02-14,17:29,February
2019-02-09,10:25,February
2019-01-10,11:34,January
2019-03-11,18:58,March
2019-02-18,16:28,February
2019-02-26,20:26,February
2019-01-18,15:08,January
2019-02-15,18:03,February
2019-03-08,13:21,March
2019-01-17,12:48,January
2019-03-12,19:53,March
2019-03-09,19:09,March
2019-03-12,16:30,March
2019-01-25,10:11,January
2019-03-25,13:07,March
2019-02-07,18:48,February
2019-02-17,17:27,February
2019-02-03,15:59,February
2019-03-14,11:21,March
2019-03-24,13:48,March
2019-03-21,10:17,March
2019-03-19,15:49,March
2019-02-24,13:02,February
2019-03-28,12:58,March
2019-02-05,15:26,February
2019-02-10,18:23,February
2019-03-05,19:06,March
2019-02-15,20:21,February
2019-01-30,16:24,January
2019-02-14,15:04,February
2019-02-27,16:10,February
2019-02-04,12:14,February
2019-01-20,10:13,January
2019-03-28,17:38,March
2019-02-27,11:06,February
2019-02-15,14:53,February
2019-01-26,18:22,January
2019-03-14,19:02,March
2019-03-02,14:16,March
2019-03-04,15:44,March
2019-01-07,12:20,January
2019-03-08,20:01,March
2019-01-09,13:45,January
2019-03-01,15:40,March
2019-03-16,16:58,March
2019-02-17,11:12,February
2019-02-27,15:12,February
2019-03-07,20:37,March
2019-01-21,17:44,January
2019-02-19,16:23,February
2019-01-06,12:12,January
2019-03-14,19:33,March
2019-03-24,10:29,March
2019-01-27,14:28,January
2019-03-06,12:46,March
2019-02-02,19:40,February
2019-01-25,19:39,January
2019-03-14,17:54,March
2019-01-29,12:25,January
2019-01-03,16:47,January
2019-01-14,12:52,January
2019-01-05,19:50,January
2019-02-22,18:17,February
2019-02-06,17:20,February
2019-01-30,13:32,January
2019-01-11,10:37,January
2019-03-19,14:35,March
2019-01-14,12:09,January
2019-03-01,15:32,March
2019-01-06,13:58,January
2019-01-31,13:19,January
2019-03-11,13:37,March
2019-02-20,16:49,February
2019-01-27,14:55,January
2019-03-10,14:04,March
2019-02-15,12:31,February
2019-01-26,14:51,January
2019-02-13,18:27,February
2019-03-09,12:45,March
2019-03-06,10:36,March
2019-01-24,20:36,January
2019-03-13,14:16,March
2019-03-15,10:26,March
2019-03-05,13:30,March
2019-03-04,16:28,March
2019-03-25,20:18,March
2019-03-12,20:04,March
2019-02-04,13:38,February
2019-02-22,10:43,February
2019-02-16,17:30,February
2019-01-19,15:28,January
2019-01-11,19:07,January
2019-01-04,19:01,January
2019-03-04,19:48,March
2019-01-28,19:24,January
2019-01-02,13:00,January
2019-01-25,14:29,January
2019-01-04,13:21,January
2019-03-10,18:55,March
2019-03-22,19:36,March
2019-01-25,16:28,January
2019-01-08,13:48,January
2019-01-22,10:57,January
2019-01-12,17:13,January
2019-02-04,10:23,February
2019-03-28,13:57,March
2019-01-23,13:29,January
2019-02-08,13:00,February
2019-03-19,19:42,March
2019-03-09,15:36,March
2019-01-02,13:40,January
2019-01-21,18:01,January
2019-03-20,13:53,March
2019-02-27,17:27,February
2019-03-08,10:53,March
2019-01-31,19:48,January
2019-03-08,16:53,March
2019-01-13,19:14,January
2019-03-09,14:36,March
2019-02-22,18:19,February
2019-03-19,19:09,March
2019-01-20,16:51,January
2019-03-08,15:37,March
2019-03-08,20:15,March
2019-02-07,14:38,February
2019-01-15,19:25,January
2019-03-22,19:35,March
2019-01-15,15:42,January
2019-01-08,14:11,January
2019-01-15,10:43,January
2019-01-28,17:58,January
2019-02-14,11:26,February
2019-03-10,17:38,March
2019-01-12,20:07,January
2019-03-26,11:02,March
2019-01-01,19:07,January
2019-01-02,18:50,January
2019-03-16,12:43,March
2019-03-03,15:09,March
2019-01-31,13:47,January
2019-02-13,16:59,February
2019-02-15,14:15,February
2019-02-07,20:24,February
2019-01-27,13:58,January
2019-02-23,16:52,February
2019-02-03,15:19,February
2019-03-03,12:25,March
2019-02-03,10:02,February
2019-03-17,18:58,March
2019-03-28,15:31,March
2019-03-02,11:22,March
2019-02-08,13:12,February
2019-03-22,18:33,March
2019-02-09,10:02,February
2019-02-15,11:21,February
2019-01-23,12:10,January
2019-01-25,11:40,January
2019-02-02,18:31,February
2019-03-30,17:58,March
2019-03-30,17:04,March
2019-02-25,20:35,February
2019-03-18,16:10,March
2019-03-07,16:54,March
2019-03-16,10:11,March
2019-01-29,11:26,January
2019-02-02,20:29,February
2019-02-15,12:12,February
2019-01-08,13:05,January
2019-02-12,16:19,February
2019-01-01,19:48,January
2019-03-21,15:25,March
2019-02-28,14:42,February
2019-03-23,18:59,March
2019-01-30,20:47,January
2019-02-04,13:21,February
2019-03-13,19:48,March
2019-03-15,18:20,March
2019-03-05,20:24,March
2019-03-05,13:44,March
2019-02-26,11:48,February
2019-03-20,14:14,March
2019-01-01,15:51,January
2019-01-27,11:17,January
2019-01-21,17:36,January
2019-02-02,15:47,February
2019-02-03,15:53,February
2019-01-05,12:40,January
2019-01-27,19:48,January
2019-03-25,17:53,March
2019-02-25,16:36,February
2019-01-28,20:54,January
2019-01-08,12:50,January
2019-01-29,10:48,January
2019-03-29,14:28,March
2019-02-09,17:15,February
2019-01-16,18:03,January
2019-01-05,17:29,January
2019-01-27,18:05,January
2019-03-14,12:07,March
2019-02-23,19:49,February
2019-03-18,15:52,March
2019-03-29,16:48,March
2019-01-22,20:46,January
2019-03-01,18:14,March
2019-01-17,15:05,January
2019-03-26,10:34,March
2019-03-20,11:23,March
2019-02-06,13:55,February
2019-01-01,11:43,January
2019-01-27,14:36,January
2019-02-25,16:03,February
2019-01-16,20:03,January
2019-01-13,14:55,January
2019-02-07,11:28,February
2019-02-17,19:41,February
2019-02-12,19:01,February
2019-01-24,18:04,January
2019-02-06,19:20,February
2019-03-26,10:31,March
2019-03-11,13:28,March
2019-02-07,11:36,February
2019-01-05,11:32,January
2019-03-07,11:44,March
2019-02-25,17:16,February
2019-02-01,18:43,February
2019-01-22,11:00,January
2019-01-03,10:30,January
2019-02-13,12:14,February
2019-01-28,16:43,January
2019-01-05,20:40,January
2019-03-19,13:40,March
2019-01-12,16:23,January
2019-01-07,12:08,January
2019-01-26,17:45,January
2019-01-23,10:28,January
2019-02-09,20:31,February
2019-02-22,10:49,February
2019-02-05,12:34,February
2019-03-07,10:23,March
2019-03-25,18:51,March
2019-01-20,13:45,January
2019-02-04,19:38,February
2019-01-30,20:23,January
2019-01-02,15:24,January
2019-03-29,16:54,March
2019-03-14,12:32,March
2019-02-11,15:42,February
2019-01-30,13:58,January
2019-03-20,15:08,March
2019-03-20,13:02,March
2019-01-17,13:01,January
2019-02-03,16:40,February
2019-01-01,13:55,January
2019-01-10,10:33,January
2019-03-02,16:42,March
2019-02-25,17:16,February
2019-01-29,11:48,January
2019-03-10,19:35,March
2019-01-13,19:55,January
2019-03-22,14:33,March
2019-03-01,19:49,March
2019-02-20,18:43,February
2019-01-14,14:43,January
2019-03-26,13:54,March
2019-03-01,12:15,March
2019-01-07,12:37,January
2019-02-01,19:54,February
2019-02-13,15:06,February
2019-01-14,18:03,January
2019-01-19,15:58,January
2019-03-09,13:53,March
2019-03-27,14:03,March
2019-02-04,16:38,February
2019-03-14,11:07,March
2019-03-04,12:23,March
2019-03-03,10:54,March
2019-01-27,17:38,January
2019-02-07,14:13,February
2019-02-05,11:51,February
2019-03-15,13:05,March
2019-03-01,11:30,March
2019-02-15,13:30,February
2019-02-17,19:11,February
2019-01-26,18:53,January
2019-03-24,14:22,March
2019-01-23,17:16,January
2019-01-26,10:06,January
2019-03-14,20:35,March
2019-03-17,13:54,March
2019-01-08,20:08,January
2019-02-08,15:26,February
2019-02-10,12:56,February
2019-03-28,19:16,March
2019-01-23,12:20,January
2019-01-17,10:37,January
2019-02-07,10:18,February
2019-03-09,11:23,March
2019-01-24,11:45,January
2019-01-19,16:08,January
2019-02-03,11:25,February
2019-03-20,12:24,March
2019-01-13,19:51,January
2019-03-14,18:10,March
2019-01-23,11:22,January
2019-02-07,17:55,February
2019-03-28,15:30,March
2019-03-20,19:44,March
2019-01-17,15:27,January
2019-01-12,11:25,January
2019-02-16,15:42,February
2019-01-26,16:04,January
2019-03-09,12:37,March
2019-03-14,14:41,March
2019-01-25,14:19,January
2019-01-26,18:19,January
2019-01-19,14:08,January
2019-03-05,16:38,March
2019-01-15,10:54,January
2019-03-18,11:29,March
2019-03-20,19:28,March
2019-01-15,15:01,January
2019-03-03,20:31,March
2019-03-19,12:16,March
2019-03-08,15:27,March
2019-02-27,17:36,February
2019-02-23,20:00,February
2019-03-19,15:29,March
2019-03-27,15:08,March
2019-03-30,19:26,March
2019-02-16,15:53,February
2019-01-18,18:43,January
2019-03-30,14:58,March
2019-03-20,19:55,March
2019-01-16,15:10,January
2019-02-24,16:44,February
2019-01-15,18:22,January
2019-01-22,11:52,January
2019-02-03,17:24,February
2019-03-06,15:31,March
2019-02-16,18:04,February
2019-02-27,10:23,February
2019-01-18,10:11,January
2019-01-29,15:48,January
2019-02-26,17:46,February
2019-02-03,11:46,February
2019-01-16,12:07,January
2019-03-24,18:14,March
2019-02-12,14:45,February
2019-02-21,11:39,February
2019-02-04,15:44,February
2019-02-20,13:06,February
2019-02-23,20:43,February
2019-02-16,14:19,February
2019-01-17,10:01,January
2019-01-14,19:30,January
2019-03-30,16:34,March
2019-03-02,13:10,March
2019-02-15,17:10,February
2019-03-01,10:22,March
2019-02-24,19:57,February
2019-02-19,19:29,February
2019-02-23,18:30,February
2019-02-07,14:27,February
2019-01-11,13:57,January
2019-02-12,19:43,February
2019-01-14,10:11,January
2019-01-09,13:46,January
2019-02-27,12:22,February
2019-01-24,19:20,January
2019-01-08,12:58,January
2019-01-08,11:59,January
2019-01-16,17:59,January
2019-03-13,12:51,March
2019-02-15,10:36,February
2019-01-25,13:38,January
2019-03-12,19:39,March
2019-03-04,12:44,March
2019-02-10,13:56,February
2019-01-16,14:42,January
2019-01-29,19:45,January
2019-01-01,20:26,January
2019-01-06,19:46,January
2019-02-19,19:38,February
2019-01-12,16:18,January
2019-02-07,12:23,February
2019-03-27,19:11,March
2019-02-27,18:57,February
2019-01-06,11:18,January
2019-03-02,12:40,March
2019-03-29,14:06,March
2019-01-31,20:48,January
2019-01-21,20:13,January
2019-01-20,20:37,January
2019-01-17,17:59,January
2019-02-28,20:18,February
2019-03-19,15:52,March
2019-02-19,15:14,February
2019-02-04,12:50,February
2019-01-31,10:36,January
2019-02-06,18:33,February
2019-03-28,16:06,March
2019-01-19,12:47,January
2019-02-17,13:34,February
2019-01-18,15:04,January
2019-02-02,20:42,February
2019-01-18,15:28,January
2019-03-18,13:45,March
2019-01-11,20:10,January
2019-02-04,18:53,February
2019-02-06,14:24,February
2019-01-08,11:42,January
2019-03-05,17:49,March
2019-03-16,15:33,March
2019-03-09,10:54,March
2019-03-01,16:23,March
2019-02-28,19:33,February
2019-02-08,11:39,February
2019-03-01,20:03,March
2019-03-10,12:39,March
2019-03-23,15:59,March
2019-01-29,14:26,January
2019-01-12,18:22,January
2019-03-20,11:32,March
2019-03-23,12:41,March
2019-01-14,15:20,January
2019-02-12,14:33,February
2019-02-20,15:29,February
2019-01-02,16:19,January
2019-02-02,16:33,February
2019-01-08,19:07,January
2019-01-30,14:43,January
2019-03-26,19:28,March
2019-01-15,20:44,January
2019-03-14,11:16,March
2019-02-03,10:31,February
2019-02-22,12:30,February
2019-01-24,15:05,January
2019-01-25,18:30,January
2019-03-09,13:18,March
2019-02-17,15:28,February
2019-01-11,11:52,January
2019-02-27,18:24,February
2019-03-25,15:19,March
2019-02-11,10:38,February
2019-01-31,15:12,January
2019-01-20,17:48,January
2019-03-26,11:07,March
2019-01-20,15:48,January
2019-03-05,19:40,March
2019-01-05,20:30,January
2019-02-13,13:59,February
2019-03-16,18:51,March
2019-01-15,17:24,January
2019-02-26,11:58,February
2019-02-27,19:01,February
2019-02-17,16:50,February
2019-02-06,10:22,February
2019-01-17,16:46,January
2019-01-22,18:08,January
2019-03-05,18:02,March
2019-01-03,13:07,January
2019-03-20,17:52,March
2019-01-31,20:32,January
2019-02-19,19:24,February
2019-02-11,16:06,February
2019-02-05,14:14,February
2019-03-03,17:36,March
2019-02-24,13:08,February
2019-02-04,16:09,February
2019-02-19,11:33,February
2019-01-23,10:18,January
2019-01-14,10:55,January
2019-01-17,15:15,January
2019-03-03,20:06,March
2019-02-15,20:21,February
2019-01-15,13:48,January
2019-02-27,12:52,February
2019-02-26,12:28,February
2019-03-15,16:26,March
2019-01-24,13:24,January
2019-02-22,15:15,February
2019-03-15,10:50,March
2019-02-11,18:38,February
2019-01-12,16:45,January
2019-03-03,19:30,March
2019-03-23,13:23,March
2019-03-04,11:27,March
2019-02-23,11:12,February
2019-03-17,16:36,March
2019-01-16,18:41,January
2019-01-08,17:12,January
2019-01-14,10:38,January
2019-01-31,10:33,January
2019-03-15,14:38,March
2019-02-24,18:06,February
2019-02-08,12:52,February
2019-03-22,14:00,March
2019-01-24,10:57,January
2019-03-14,16:45,March
2019-01-23,11:15,January
2019-01-19,20:29,January
2019-01-27,20:03,January
2019-02-03,14:35,February
2019-03-25,16:32,March
2019-02-24,10:10,February
2019-02-07,14:15,February
2019-03-04,10:05,March
2019-02-14,11:36,February
2019-01-29,18:15,January
2019-01-28,13:53,January
2019-03-26,18:37,March
2019-03-24,18:27,March
2019-01-01,14:42,January
2019-01-24,17:43,January
2019-02-25,18:37,February
2019-01-09,16:34,January
2019-02-14,14:42,February
2019-03-12,11:01,March
2019-03-26,19:44,March
2019-01-09,13:34,January
2019-01-02,20:08,January
2019-01-15,15:01,January
2019-01-01,11:40,January
2019-02-15,15:21,February
2019-02-28,17:38,February
2019-03-02,16:16,March
2019-02-13,18:15,February
2019-01-26,12:43,January
2019-01-30,11:32,January
2019-01-27,18:08,January
2019-01-30,17:08,January
2019-01-08,19:38,January
2019-01-19,13:11,January
2019-01-25,11:05,January
2019-02-19,10:12,February
2019-01-14,15:42,January
2019-02-25,11:58,February
2019-01-23,14:21,January
2019-02-16,10:52,February
2019-01-01,19:31,January
2019-03-07,18:35,March
2019-02-15,13:51,February
2019-01-23,12:35,January
2019-02-20,13:24,February
2019-01-08,18:06,January
2019-03-17,11:55,March
2019-01-12,11:42,January
2019-01-08,14:30,January
2019-01-26,15:11,January
2019-03-15,14:48,March
2019-01-17,12:36,January
2019-01-08,19:09,January
2019-01-06,13:35,January
2019-02-16,10:33,February
2019-03-13,15:45,March
2019-01-28,11:51,January
2019-01-18,17:26,January
2019-03-19,11:52,March
2019-03-15,14:04,March
2019-02-12,17:49,February
2019-02-25,20:19,February
2019-03-21,16:08,March
2019-01-19,10:17,January
2019-01-08,14:25,January
2019-03-30,12:51,March
2019-02-20,15:18,February
2019-03-30,12:45,March
2019-03-19,13:37,March
2019-01-13,10:03,January
2019-02-05,19:42,February
2019-03-23,13:14,March
2019-03-13,12:47,March
2019-03-17,19:53,March
2019-02-21,10:26,February
2019-02-07,15:06,February
2019-03-02,16:35,March
2019-03-06,20:57,March
2019-02-06,15:16,February
2019-01-28,17:47,January
2019-01-18,16:23,January
2019-02-05,10:17,February
2019-03-02,13:50,March
2019-02-09,19:17,February
2019-01-14,14:00,January
2019-02-09,12:02,February
2019-03-26,20:21,March
2019-01-28,17:35,January
2019-02-14,12:42,February
2019-03-24,17:56,March
2019-02-09,18:58,February
2019-03-24,14:08,March
2019-03-27,16:30,March
2019-01-27,10:44,January
2019-03-27,20:29,March
2019-01-19,11:43,January
2019-02-07,10:09,February
2019-01-31,10:00,January
2019-02-25,18:45,February
2019-02-02,12:40,February
2019-03-14,15:36,March
2019-03-11,12:04,March
2019-02-22,11:26,February
2019-03-02,12:36,March
2019-03-10,15:06,March
2019-02-08,10:58,February
2019-02-22,12:10,February
2019-01-10,10:31,January
2019-03-14,13:49,March
2019-01-10,11:10,January
2019-02-15,17:38,February
2019-01-13,17:54,January
2019-02-15,20:51,February
2019-03-02,19:26,March
2019-03-24,13:33,March
2019-02-02,14:05,February
2019-02-27,11:40,February
2019-01-20,12:27,January
2019-01-03,20:24,January
2019-01-24,20:59,January
2019-01-05,19:48,January
2019-03-30,10:18,March
2019-02-17,16:27,February
2019-03-21,17:04,March
2019-03-02,18:14,March
2019-03-27,10:43,March
2019-01-19,19:30,January
2019-02-19,14:53,February
2019-03-28,20:14,March
2019-01-05,11:51,January
2019-03-26,14:13,March
2019-02-03,20:13,February
2019-02-06,18:44,February
2019-02-24,14:26,February
2019-02-21,12:40,February
2019-01-09,18:43,January
2019-02-25,13:22,February
2019-01-13,13:58,January
2019-02-09,11:45,February
2019-01-06,11:51,January
2019-01-10,17:16,January
2019-02-07,15:55,February
2019-01-09,12:07,January
2019-02-19,15:07,February
2019-03-18,15:29,March
2019-02-05,18:45,February
2019-03-19,15:23,March
2019-03-30,20:37,March
2019-01-26,14:41,January
2019-03-02,18:18,March
2019-03-04,15:27,March
2019-01-13,12:55,January
2019-03-25,18:02,March
2019-03-11,19:44,March
2019-01-01,11:36,January
2019-02-10,13:51,February
2019-01-26,15:17,January
2019-02-11,15:29,February
2019-02-07,17:59,February
2019-03-06,11:55,March
2019-03-04,10:39,March
2019-02-26,15:10,February
2019-03-10,18:10,March
2019-02-04,20:43,February
2019-01-19,12:46,January
2019-01-23,17:44,January
2019-03-14,14:19,March
2019-01-23,10:33,January
2019-01-09,11:40,January
2019-02-07,19:30,February
2019-02-18,14:42,February
2019-01-03,19:08,January
2019-03-29,19:12,March
2019-01-28,15:46,January
2019-03-22,19:06,March
2019-01-24,18:10,January
2019-03-10,20:46,March
2019-02-22,18:35,February
2019-02-18,11:40,February
2019-01-29,13:46,January
2019-03-02,17:16,March
2019-02-09,13:22,February
2019-02-22,15:33,February
2019-02-18,13:28,February
2019-02-22,14:03:03,February
2019-01-30,5:11:45,January
2019-02-05,13:27:16,February
2019-03-09,13:55:55,March
2019-01-10,4:28:48,January
2019-02-24,8:03:47,February
2019-02-10,23:03:32,February
2019-03-19,18:38:36,March
2019-03-16,3:11:36,March
2019-02-03,6:01:44,February
2019-03-18,4:13:47,March
2019-02-20,8:51:00,February
2019-01-30,21:13:30,January
2019-01-19,1:49:03,January
2019-03-09,5:15:15,March
2019-02-04,10:44:18,February
2019-02-09,22:09:45,February
2019-03-27,0:23:39,March
2019-02-03,0:29:46,February
2019-02-08,1:04:51,February
2019-01-04,15:24:51,January
2019-01-25,5:44:01,January
2019-01-09,16:35:58,January
2019-02-03,13:41:42,February
2019-01-02,1:12:55,January
2019-01-10,14:28:11,January
2019-02-23,20:07:19,February
2019-01-07,6:36:55,January
2019-03-29,4:18:58,March
2019-01-14,15:10:07,January
2019-02-11,17:53:07,February
2019-02-15,0:52:25,February
2019-02-03,5:21:06,February
2019-02-11,4:14:44,February
2019-02-24,3:02:08,February
2019-01-26,17:47:39,January
2019-01-30,17:42:29,January
2019-01-03,19:26:35,January
2019-03-10,8:27:07,March
2019-01-09,5:56:38,January
2019-02-09,20:44:51,February
2019-03-17,1:32:10,March
2019-03-06,21:09:24,March
2019-01-23,6:43:18,January
2019-02-20,23:40:22,February
2019-02-11,9:17:29,February
2019-02-20,16:01:32,February
2019-01-13,16:15:57,January
2019-02-02,4:26:32,February
2019-01-03,12:39:35,January
2019-01-12,13:51:31,January
2019-03-18,18:27:12,March
2019-01-08,18:33:46,January
2019-01-05,2:46:51,January
2019-02-12,2:04:53,February
2019-03-10,23:45:24,March
2019-03-07,11:03:03,March
2019-01-19,23:34:02,January
2019-02-22,9:02:38,February
2019-01-17,18:40:56,January
2019-03-10,0:58:57,March
2019-03-22,6:10:13,March
2019-01-07,21:03:29,January
2019-03-17,7:08:07,March
2019-01-16,3:39:02,January
2019-01-31,17:37:18,January
2019-02-26,3:41:04,February
2019-01-21,7:50:45,January
2019-02-06,3:02:51,February
2019-02-21,21:14:57,February
2019-03-21,2:49:17,March
2019-03-21,14:37:24,March
2019-01-17,20:01:45,January
2019-02-04,11:11:55,February
2019-02-05,14:40:11,February
2019-01-03,17:07:15,January
2019-02-22,4:10:56,February
2019-02-10,9:03:42,February
2019-03-19,15:06:29,March
2019-01-23,14:34:07,January
2019-02-03,10:01:05,February
2019-01-13,15:00:09,January
2019-03-22,18:39:15,March
2019-02-23,13:36:23,February
2019-02-07,2:36:29,February
2019-03-23,0:34:56,March
2019-01-18,12:09:27,January
2019-02-03,16:21:07,February
2019-02-12,9:10:09,February
2019-01-29,21:13:21,January
2019-02-03,10:54:00,February
2019-02-19,3:55:25,February
2019-01-25,0:42:02,January
2019-02-22,5:28:47,February
2019-01-23,7:28:39,January
2019-02-25,21:27:59,February
2019-01-03,15:41:27,January
2019-02-14,22:00:53,February
2019-03-26,3:04:35,March
2019-01-27,4:38:24,January
2019-01-22,11:43:32,January
2019-02-18,4:38:36,February
2019-02-22,17:26:00,February
2019-01-13,9:34:30,January
2019-02-22,2:46:00,February
2019-03-29,5:33:00,March
2019-01-16,8:24:17,January
2019-01-30,19:03:56,January
2019-01-29,10:23:48,January
2019-03-14,13:56:32,March
2019-03-07,16:44:43,March
2019-02-02,3:00:49,February
2019-03-01,16:07:09,March
2019-03-28,12:16:02,March
2019-01-08,3:32:49,January
2019-02-10,9:23:13,February
2019-02-09,20:33:08,February
2019-01-23,11:39:27,January
2019-03-20,5:51:21,March
2019-02-11,15:58:51,February
2019-03-17,18:12:14,March
2019-01-19,4:00:33,January
2019-01-11,7:11:33,January
2019-03-07,4:00:35,March
2019-01-23,20:51:06,January
2019-03-23,12:35:10,March
2019-02-04,18:49:08,February
2019-03-29,11:17:53,March
2019-01-18,9:10:04,January
2019-02-12,23:35:17,February
2019-02-10,12:58:42,February
2019-02-20,7:17:56,February
2019-01-24,7:55:59,January
2019-02-04,23:29:55,February
2019-01-14,4:48:25,January
2019-03-07,4:59:56,March
2019-03-08,10:22:39,March
2019-02-24,21:43:03,February
2019-01-31,7:44:21,January
2019-01-11,18:25:08,January
2019-03-04,19:13:14,March
2019-02-13,17:49:07,February
2019-03-03,12:13:14,March
2019-03-27,11:36:28,March
2019-01-15,21:55:43,January
2019-03-13,1:33:50,March
2019-02-17,23:23:30,February
2019-02-22,12:32:52,February
2019-02-07,20:02:47,February
2019-02-24,13:22:37,February
2019-03-11,23:13:22,March
2019-02-13,23:42:19,February
2019-02-01,2:30:44,February
2019-03-27,6:21:59,March
2019-01-14,1:28:51,January
2019-02-11,11:51:18,February
2019-02-10,16:03:28,February
2019-03-12,2:26:41,March
2019-01-31,15:58:02,January
2019-01-01,1:40:41,January
2019-03-15,6:13:16,March
2019-02-23,20:57:25,February
2019-01-28,4:49:53,January
2019-01-28,5:54:17,January
2019-03-01,15:52:33,March
2019-03-22,2:14:15,March
2019-01-03,2:57:00,January
2019-01-02,7:49:36,January
2019-01-24,6:59:40,January
2019-01-30,19:34:28,January
2019-01-13,6:41:14,January
2019-03-11,16:45:59,March
2019-02-16,8:19:48,February
2019-01-20,14:49:20,January
2019-02-18,7:31:16,February
2019-01-08,8:22:38,January
2019-01-31,0:57:09,January
2019-01-13,14:08:54,January
2019-02-13,17:42:38,February
2019-03-10,1:41:24,March
2019-01-09,4:07:18,January
2019-02-09,19:07:20,February
2019-01-18,0:26:01,January
2019-02-18,8:11:55,February
2019-02-08,12:41:36,February
2019-02-06,18:56:44,February
2019-02-08,11:40:49,February
2019-02-09,9:42:58,February
2019-03-08,18:37:58,March
2019-03-15,23:58:43,March
2019-03-15,17:20:49,March
2019-02-11,22:20:01,February
2019-02-04,0:15:37,February
2019-03-07,15:42:49,March
2019-03-08,1:02:35,March
2019-02-17,15:27:36,February
2019-03-01,23:08:11,March
2019-02-06,10:05:04,February
2019-03-09,12:47:34,March
2019-01-26,15:02:37,January
2019-01-02,15:35:12,January
2019-02-20,20:16:51,February
2019-02-19,7:33:27,February
2019-03-14,19:14:48,March
2019-01-19,10:22:27,January
2019-03-22,9:35:36,March
2019-01-20,13:34:30,January
2019-02-01,21:33:06,February
2019-02-23,5:56:44,February
2019-02-27,14:05:13,February
2019-03-04,21:37:18,March
2019-01-11,10:59:32,January
2019-03-17,21:31:06,March
2019-01-28,19:49:32,January
2019-03-16,5:28:30,March
2019-01-18,10:29:27,January
2019-02-09,14:20:41,February
2019-01-04,18:54:42,January
2019-03-11,19:28:11,March
2019-03-20,22:54:45,March
2019-01-16,10:12:18,January
2019-02-19,18:17:09,February
2019-01-20,10:47:16,January
2019-01-22,6:53:16,January
2019-02-21,17:29:11,February
2019-02-01,16:52:19,February
2019-02-27,18:07:53,February
2019-03-25,8:26:24,March
2019-01-03,1:22:38,January
2019-02-04,18:47:50,February
2019-01-15,19:40:58,January
2019-01-27,9:48:49,January
2019-02-02,15:52:09,February
2019-03-29,0:04:49,March
2019-01-31,0:51:06,January
2019-03-06,10:41:06,March
2019-01-04,16:05:01,January
2019-02-14,22:17:20,February
2019-02-10,2:00:19,February
2019-02-23,3:15:19,February
2019-02-15,15:09:18,February
2019-02-08,14:00:20,February
2019-02-10,12:06:39,February
2019-03-10,13:01:28,March
2019-01-28,19:59:49,January
2019-01-16,19:45:20,January
2019-01-20,23:17:19,January
2019-01-07,1:46:19,January
2019-01-25,16:45:16,January
2019-01-05,19:36:54,January
2019-02-28,23:04:35,February
2019-03-11,4:37:36,March
2019-01-20,21:47:21,January
2019-03-14,14:15:19,March
2019-01-07,1:48:27,January
2019-03-13,2:29:55,March
2019-02-13,20:45:17,February
2019-02-06,21:19:52,February
2019-01-08,17:17:56,January
2019-01-18,22:11:23,January
2019-03-21,9:34:12,March
2019-03-19,18:16:54,March
2019-01-01,17:13:29,January
2019-01-19,8:10:04,January
2019-02-04,10:48:20,February
2019-03-26,23:37:38,March
2019-02-26,19:13:16,February
2019-02-25,23:17:47,February
2019-03-01,0:05:08,March
2019-01-08,11:21:54,January
2019-03-02,16:39:49,March
2019-01-14,14:02:02,January
2019-01-22,3:47:48,January
2019-01-04,5:56:06,January
2019-03-16,12:13:20,March
2019-01-16,18:59:27,January
2019-01-24,4:03:26,January
2019-02-25,11:30:45,February
2019-02-15,7:58:56,February
2019-01-06,2:43:44,January
2019-01-30,13:53:55,January
2019-02-17,12:00:10,February
2019-03-28,2:39:20,March
2019-01-23,5:37:51,January
2019-02-10,8:47:44,February
2019-02-09,17:35:55,February
2019-02-11,16:56:43,February
2019-03-06,17:20:28,March
2019-02-21,16:56:30,February
2019-03-21,19:18:22,March
2019-01-06,22:50:06,January
2019-02-26,21:12:45,February
2019-03-16,7:34:36,March
2019-02-11,15:45:35,February
2019-03-12,9:57:46,March
2019-02-08,8:49:36,February
2019-03-02,22:02:47,March
2019-03-18,23:44:21,March
2019-03-01,10:20:34,March
2019-03-28,21:41:02,March
2019-03-21,6:55:02,March
2019-01-13,1:14:52,January
2019-02-20,6:31:06,February
2019-02-22,16:00:03,February
2019-03-20,9:53:58,March
2019-01-24,12:39:36,January
2019-01-27,22:49:42,January
2019-01-16,17:01:02,January
2019-03-19,11:39:13,March
2019-02-18,15:03:51,February
2019-03-25,1:50:58,March
2019-02-27,9:25:31,February
2019-02-20,11:41:57,February
2019-03-04,16:41:23,March
2019-03-07,22:30:58,March
2019-03-29,16:29:38,March
2019-02-15,18:58:48,February
2019-02-03,15:31:35,February
2019-02-03,23:27:18,February
2019-01-18,8:59:20,January
2019-02-03,9:12:42,February
2019-03-30,22:04:36,March
2019-01-01,6:54:43,January
2019-02-02,17:10:24,February
2019-03-23,22:05:25,March
2019-02-06,23:10:40,February
2019-03-07,10:14:07,March
2019-01-10,21:04:40,January
2019-01-11,11:15:58,January
2019-03-08,21:35:42,March
2019-01-26,21:30:20,January
2019-03-05,17:47:58,March
2019-03-29,7:34:47,March
2019-02-02,5:22:38,February
2019-03-17,12:52:41,March
2019-02-08,13:51:20,February
2019-03-06,14:34:24,March
2019-02-02,9:23:31,February
2019-01-22,21:31:49,January
2019-03-25,10:17:02,March
2019-01-22,6:31:59,January
2019-02-08,3:09:01,February
2019-02-04,19:58:30,February
2019-02-08,3:58:57,February
2019-02-21,15:57:46,February
2019-02-13,7:38:32,February
2019-03-26,3:44:26,March
2019-03-07,21:17:26,March
2019-01-07,10:44:30,January
2019-02-22,19:27:55,February
2019-03-13,7:30:47,March
2019-03-12,21:48:47,March
2019-01-26,7:17:53,January
2019-01-10,23:35:14,January
2019-03-12,7:00:49,March
2019-01-01,3:43:45,January
2019-01-17,10:37:40,January
2019-01-16,7:04:23,January
2019-03-02,13:42:17,March
2019-03-02,12:04:54,March
2019-03-17,5:25:17,March
2019-03-12,19:35:38,March
2019-01-28,10:03:02,January
2019-02-18,2:23:21,February
2019-01-15,11:53:59,January
2019-03-05,7:28:20,March
2019-02-18,2:31:33,February
2019-01-22,15:17:41,January
2019-01-09,13:58:27,January
2019-01-30,21:44:38,January
2019-01-22,21:58:41,January
2019-03-23,10:29:01,March
2019-03-26,15:52:39,March
2019-01-15,14:47:40,January
2019-01-04,13:53:58,January
2019-02-10,23:41:10,February
2019-03-17,14:16:32,March
2019-03-08,3:14:26,March
2019-02-27,9:22:48,February
2019-01-07,6:25:08,January
2019-01-28,9:55:19,January
2019-02-13,12:42:04,February
2019-01-22,13:42:05,January
2019-01-19,3:05:32,January
2019-03-11,12:20:53,March
2019-03-24,15:10:18,March
2019-02-27,18:19:59,February
2019-03-10,2:18:27,March
2019-02-10,17:39:44,February
2019-01-16,17:37:57,January
2019-02-24,2:06:42,February
2019-03-30,1:10:29,March
2019-02-26,12:42:41,February
2019-03-13,10:15:42,March
2019-03-15,17:34:33,March
2019-01-01,0:15:57,January
2019-02-27,14:04:02,February
2019-01-26,12:14:09,January
2019-01-10,1:25:30,January
2019-02-21,11:53:06,February
2019-03-12,0:44:35,March
2019-01-04,6:59:47,January
2019-03-15,4:08:36,March
2019-02-11,10:34:54,February
2019-02-03,11:16:47,February
2019-01-19,4:13:32,January
2019-02-16,4:44:22,February
2019-02-16,14:17:55,February
2019-02-02,8:20:26,February
2019-01-03,15:39:01,January
2019-02-18,17:33:30,February
2019-01-28,21:48:22,January
2019-01-12,21:49:45,January
2019-01-28,14:50:55,January
2019-01-21,16:26:53,January
2019-02-13,22:29:32,February
2019-01-13,14:17:57,January
2019-01-22,12:35:39,January
2019-03-13,3:10:32,March
2019-02-08,11:14:05,February
2019-01-08,6:11:41,January
2019-02-06,23:28:55,February
2019-03-21,2:34:44,March
2019-01-13,11:48:54,January
2019-03-24,6:33:35,March
2019-01-16,0:03:58,January
2019-03-01,9:11:30,March
2019-03-15,5:51:52,March
2019-03-25,17:12:18,March
2019-01-12,19:06:29,January
2019-03-08,18:01:54,March
2019-01-01,7:44:09,January
2019-02-14,5:55:09,February
2019-03-01,17:33:35,March
2019-01-21,5:59:49,January
2019-01-02,3:49:14,January
2019-01-02,23:38:01,January
2019-03-21,23:34:13,March
2019-01-05,14:22:40,January
2019-01-19,15:32:03,January
2019-01-16,20:27:19,January
2019-01-06,1:24:45,January
2019-03-21,17:27:51,March
2019-02-08,15:07:29,February
2019-01-22,5:52:12,January
2019-02-09,6:28:16,February
2019-01-30,10:46:23,January
2019-03-26,3:56:13,March
2019-03-04,17:02:11,March
2019-02-19,4:45:48,February
2019-02-23,14:44:13,February
2019-02-08,7:45:18,February
2019-03-25,15:39:35,March
2019-02-04,20:38:57,February
2019-02-16,9:04:27,February
2019-01-16,0:40:29,January
2019-02-05,7:26:58,February
2019-03-21,14:34:22,March
2019-02-15,3:00:08,February
2019-02-19,17:09:24,February
2019-01-07,18:56:09,January
2019-03-17,6:50:21,March
2019-01-09,0:34:43,January
2019-03-22,15:03:29,March
2019-01-13,7:07:41,January
2019-03-20,9:48:51,March
2019-01-07,5:25:26,January
2019-01-11,8:01:26,January
2019-03-12,10:24:29,March
2019-02-10,4:21:26,February
2019-03-08,3:58:03,March
2019-03-06,8:02:41,March
2019-01-29,14:49:57,January
2019-02-15,2:20:32,February
2019-01-03,7:01:26,January
2019-01-26,1:11:37,January
2019-02-09,18:30:32,February
2019-03-13,16:34:46,March
2019-02-26,16:11:29,February
2019-01-16,11:36:46,January
2019-01-08,8:20:27,January
2019-03-11,3:32:59,March
2019-03-16,21:46:06,March
2019-03-29,11:51:26,March
2019-02-19,23:19:53,February
2019-02-03,17:04:51,February
2019-03-19,22:31:34,March
2019-02-12,18:58:04,February
2019-03-25,20:06:26,March
2019-02-19,3:15:29,February
2019-02-07,4:34:53,February
2019-01-12,1:20:36,January
2019-02-05,13:45:58,February
2019-02-14,10:42:47,February
2019-01-17,19:57:57,January
2019-01-25,23:53:23,January
2019-03-13,10:18:33,March
2019-02-16,4:59:47,February
2019-02-05,21:27:03,February
2019-03-12,11:23:26,March
2019-02-13,9:20:24,February
2019-02-14,3:01:00,February
2019-01-26,5:42:27,January
2019-03-19,3:21:26,March
2019-01-16,3:59:18,January
2019-03-05,7:58:14,March
2019-03-16,11:55:21,March
2019-03-13,0:24:12,March
2019-03-20,22:15:17,March
2019-01-20,18:31:09,January
2019-01-15,11:29:51,January
2019-01-07,12:06:53,January
2019-02-13,5:11:46,February
2019-02-22,22:41:49,February
2019-01-25,18:45:42,January
2019-01-05,15:15:27,January
2019-03-07,0:18:20,March
2019-03-10,23:41:45,March
2019-03-08,0:10:07,March
2019-01-06,11:15:18,January
2019-03-21,2:06:35,March
2019-02-28,16:20:20,February
2019-02-05,2:27:30,February
2019-01-28,22:21:24,January
2019-02-13,1:36:45,February
2019-03-19,4:10:25,March
2019-01-27,9:24:56,January
2019-02-20,18:38:57,February
2019-01-23,10:48:57,January
2019-01-01,21:38:59,January
2019-01-18,22:46:22,January
2019-03-30,8:04:01,March
2019-03-01,5:28:48,March
2019-02-17,8:10:50,February
2019-01-14,7:36:33,January
2019-01-03,20:36:03,January
2019-01-24,13:26:22,January
2019-03-22,17:45:37,March
2019-03-06,14:12:21,March
2019-02-01,7:35:58,February
2019-02-12,13:57:04,February
2019-03-01,4:58:26,March
2019-01-04,13:20:03,January
2019-03-16,6:03:58,March
2019-02-14,23:44:31,February
2019-02-06,19:58:42,February
2019-03-24,23:48:08,March
2019-02-18,21:47:22,February
2019-02-13,15:08:25,February
2019-01-18,5:25:00,January
2019-03-11,20:57:26,March
2019-01-23,6:06:26,January
2019-02-19,4:27:21,February
2019-01-02,21:31:06,January
2019-01-05,3:22:29,January
2019-01-31,6:20:11,January
2019-01-30,6:57:00,January
2019-01-02,3:26:17,January
2019-02-24,2:08:28,February
2019-03-14,13:05:59,March
2019-01-10,11:29:24,January
2019-01-29,19:43:26,January
2019-03-08,18:12:33,March
2019-01-09,14:34:04,January
2019-02-04,12:41:19,February
2019-03-04,0:54:55,March
2019-03-08,21:17:14,March
2019-03-03,11:59:27,March
2019-03-05,6:54:11,March
2019-03-02,9:57:08,March
2019-03-08,8:44:51,March
2019-01-07,0:39:06,January
2019-01-27,5:42:42,January
2019-01-31,16:48:03,January
2019-03-10,12:42:35,March
2019-01-24,23:18:19,January
2019-02-27,16:32:07,February
2019-01-31,10:47:04,January
2019-02-03,19:35:51,February
2019-01-19,21:54:13,January
2019-03-10,22:06:05,March
2019-02-05,11:55:27,February
2019-03-01,17:08:43,March
2019-01-25,10:45:53,January
2019-02-21,6:00:01,February
2019-01-31,3:30:41,January
2019-03-17,17:14:33,March
2019-02-21,8:17:23,February
2019-01-18,15:38:59,January
2019-01-15,14:21:36,January
2019-01-15,3:36:22,January
2019-03-24,23:27:32,March
2019-01-11,18:45:36,January
2019-02-11,22:12:07,February
2019-03-04,21:57:16,March
2019-02-04,1:11:23,February
2019-01-06,7:55:53,January
2019-03-15,17:02:35,March
2019-01-11,8:44:53,January
2019-02-08,8:52:54,February
2019-02-17,10:33:48,February
2019-01-04,4:53:55,January
2019-02-23,3:11:12,February
2019-02-28,15:23:48,February
2019-02-13,4:40:41,February
2019-02-18,7:27:34,February
2019-03-06,22:30:51,March
2019-02-23,3:30:08,February
2019-03-11,11:26:29,March
2019-01-18,23:24:27,January
2019-02-15,13:47:48,February
2019-03-13,23:56:30,March
2019-03-16,23:07:44,March
2019-02-07,21:30:36,February
2019-03-25,2:29:09,March
2019-03-22,3:26:34,March
2019-02-19,17:50:23,February
2019-03-03,10:39:12,March
2019-01-26,4:15:05,January
2019-02-09,11:54:35,February
2019-01-24,16:40:20,January
2019-01-11,5:12:01,January
2019-02-02,8:14:13,February
2019-02-25,14:47:04,February
2019-01-31,17:10:20,January
2019-02-18,6:15:29,February
2019-02-02,14:09:12,February
2019-03-01,7:49:59,March
2019-01-27,15:10:13,January
2019-02-16,2:39:27,February
2019-01-07,12:52:25,January
2019-03-01,17:40:37,March
2019-01-13,16:57:42,January
2019-02-25,14:55:07,February
2019-03-04,17:59:45,March
2019-01-02,8:49:32,January
2019-03-15,17:55:30,March
2019-03-22,14:47:37,March
2019-01-30,11:14:55,January
2019-02-17,23:09:47,February
2019-03-28,9:57:29,March
2019-02-22,7:18:00,February
2019-01-03,10:18:55,January
2019-01-22,7:41:36,January
2019-01-10,5:51:13,January
2019-03-23,7:22:15,March
2019-02-10,20:20:46,February
2019-02-23,3:41:26,February
2019-03-10,12:52:20,March
2019-02-22,1:50:25,February
2019-01-28,1:28:27,January
2019-02-04,22:53:26,February
2019-03-21,23:12:50,March
2019-03-20,15:06:04,March
2019-01-08,7:46:27,January
2019-02-20,14:31:44,February
2019-02-25,0:11:52,February
2019-02-21,21:15:33,February
2019-01-28,0:40:00,January
2019-02-18,12:08:47,February
2019-03-08,1:07:19,March
2019-01-27,21:37:34,January
2019-02-25,1:45:02,February
2019-01-24,8:06:55,January
2019-01-31,12:13:26,January
2019-02-22,3:26:43,February
2019-02-27,10:59:03,February
2019-03-24,4:11:18,March
2019-01-30,20:05:19,January
2019-01-16,22:58:53,January
2019-03-30,2:45:26,March
2019-02-14,17:27:10,February
2019-02-10,22:21:22,February
2019-03-28,16:55:10,March
2019-03-10,13:24:11,March
2019-03-04,11:37:24,March
2019-03-01,2:13:28,March
2019-02-04,19:00:53,February
2019-01-10,19:31:28,January
2019-03-06,0:01:50,March
2019-01-31,7:52:43,January
2019-02-17,12:06:20,February
2019-01-22,6:28:56,January
2019-01-18,15:14:50,January
2019-03-16,2:27:16,March
2019-01-05,0:50:16,January
2019-02-04,23:23:12,February
2019-02-04,2:28:09,February
2019-03-25,4:44:07,March
2019-02-06,3:56:48,February
2019-03-08,22:52:18,March
2019-03-04,19:10:42,March
2019-03-20,9:29:19,March
2019-03-24,17:57:56,March
2019-01-16,19:19:50,January
2019-03-29,18:53:26,March
2019-03-29,11:15:25,March
2019-03-23,12:39:38,March
2019-02-03,2:10:45,February
2019-01-21,19:22:46,January
2019-01-04,0:59:35,January
2019-03-07,23:41:20,March
2019-02-04,2:02:53,February
2019-03-03,2:32:15,March
2019-03-06,19:52:35,March
2019-03-17,18:14:03,March
2019-02-12,4:17:34,February
2019-01-26,14:01:39,January
2019-03-29,17:28:08,March
2019-02-24,0:29:02,February
2019-03-14,12:44:27,March
2019-03-24,20:58:27,March
2019-02-03,4:39:35,February
2019-01-27,2:09:59,January
2019-03-21,21:28:28,March
2019-03-19,20:36:30,March
2019-01-29,0:42:55,January
2019-02-24,1:03:12,February
2019-03-01,0:42:58,March
2019-02-14,6:56:37,February
2019-03-30,1:57:33,March
2019-01-30,11:20:21,January
2019-03-13,5:41:03,March
2019-01-22,12:42:17,January
2019-03-15,12:57:20,March
2019-03-22,8:08:02,March
2019-03-01,5:38:31,March
2019-01-08,16:15:06,January
2019-02-02,15:45:37,February
2019-03-11,11:03:12,March
2019-02-17,23:29:44,February
2019-01-31,15:26:57,January
2019-03-29,17:48:56,March
2019-02-05,7:08:57,February
2019-03-22,12:55:19,March
2019-03-10,4:37:14,March
2019-02-21,11:52:31,February
2019-03-03,2:40:24,March
2019-01-02,19:24:18,January
2019-02-03,8:27:00,February
2019-01-20,10:28:12,January
2019-01-05,23:12:08,January
2019-01-23,14:20:34,January
2019-02-15,4:55:34,February
2019-03-09,22:57:43,March
2019-03-15,22:59:33,March
2019-01-28,21:44:04,January
2019-03-17,16:50:35,March
2019-01-18,15:33:47,January
2019-03-18,20:41:00,March
2019-01-03,8:31:04,January
2019-01-18,17:48:55,January
2019-02-14,16:00:53,February
2019-01-29,17:15:28,January
2019-02-02,1:00:40,February
2019-03-01,6:50:15,March
2019-03-29,21:37:45,March
2019-01-04,13:50:35,January
2019-01-15,10:29:05,January
2019-03-13,14:57:07,March
2019-03-17,19:39:23,March
2019-02-10,17:15:27,February
2019-01-15,4:28:29,January
2019-01-27,5:51:06,January
2019-03-15,18:59:25,March
2019-01-19,11:23:20,January
2019-01-09,12:58:14,January
2019-02-12,14:37:12,February
2019-03-15,8:55:03,March
2019-02-11,21:02:41,February
2019-02-13,10:05:05,February
2019-01-29,6:33:19,January
2019-01-22,3:32:42,January
2019-02-25,9:51:50,February
2019-03-08,21:13:55,March
2019-03-09,18:35:46,March
2019-01-06,3:16:22,January
2019-01-18,23:03:04,January
2019-03-12,23:40:32,March
2019-03-04,7:34:02,March
2019-01-01,17:25:48,January
2019-03-26,6:38:24,March
2019-02-26,1:57:06,February
2019-02-18,13:39:23,February
2019-01-15,11:55:34,January
2019-02-13,10:51:42,February
2019-01-20,5:50:39,January
2019-03-01,20:11:35,March
2019-01-04,15:21:12,January
2019-02-08,5:21:34,February
2019-03-22,5:17:12,March
2019-02-06,23:23:27,February
2019-03-05,12:58:36,March
2019-02-25,23:08:34,February
2019-02-07,14:10:05,February
2019-01-16,19:05:23,January
2019-02-14,16:49:02,February
2019-02-15,22:40:53,February
2019-01-19,7:54:45,January
2019-01-14,10:27:04,January
2019-03-30,8:35:44,March
2019-03-29,17:48:51,March
2019-03-12,19:18:55,March
2019-03-09,12:51:17,March
2019-01-18,14:21:08,January
2019-01-05,23:52:43,January
2019-03-05,10:45:29,March
2019-01-21,22:19:10,January
2019-01-16,13:09:36,January
2019-03-16,12:24:00,March
2019-03-12,10:47:47,March
2019-03-15,20:53:19,March
2019-02-11,18:57:18,February
2019-02-24,10:13:34,February
2019-01-31,23:59:21,January
2019-03-20,1:09:17,March
2019-03-30,2:42:12,March
2019-01-31,20:25:13,January
2019-03-02,12:16:53,March
2019-02-01,16:16:23,February
2019-02-14,5:14:13,February
2019-01-20,9:30:07,January
2019-01-12,21:47:56,January
2019-01-21,16:18:15,January
2019-03-05,17:40:32,March
2019-02-11,3:35:05,February
2019-01-20,14:08:24,January
2019-01-03,0:53:29,January
2019-02-10,16:13:16,February
2019-01-10,23:55:55,January
2019-03-27,20:38:59,March
2019-03-23,13:54:43,March
2019-01-27,4:53:04,January
2019-01-05,3:17:40,January
2019-02-07,11:07:17,February
2019-01-03,4:49:39,January
2019-02-26,20:06:51,February
2019-03-15,21:57:11,March
2019-03-04,4:44:41,March
2019-02-09,3:24:43,February
2019-03-21,4:55:06,March
2019-01-03,4:57:23,January
2019-03-23,21:18:10,March
2019-02-16,23:37:29,February
2019-02-03,21:04:44,February
2019-02-20,22:55:13,February
2019-01-30,3:45:23,January
2019-03-16,7:25:51,March
2019-01-23,13:39:56,January
2019-03-04,8:28:40,March
2019-02-12,16:19:44,February
2019-03-14,9:11:14,March
2019-02-14,8:06:59,February
2019-03-17,2:51:48,March
2019-03-17,2:05:02,March
2019-01-15,7:50:37,January
2019-03-15,19:36:16,March
2019-01-28,9:59:49,January
2019-02-26,12:04:52,February
2019-01-27,2:35:09,January
2019-03-14,17:02:20,March
2019-02-10,4:26:40,February
2019-03-07,23:37:44,March
2019-01-24,16:05:06,January
2019-02-12,1:35:40,February
2019-02-05,17:36:32,February
2019-02-01,20:31:40,February
2019-03-09,17:30:30,March
2019-02-11,17:06:03,February
2019-03-11,19:55:52,March
2019-02-28,0:26:20,February
2019-03-10,1:42:07,March
2019-03-08,11:06:51,March
2019-03-23,3:35:39,March
2019-02-10,6:48:02,February
2019-01-22,19:08:46,January
2019-03-12,19:01:40,March
2019-01-17,3:06:53,January
2019-03-06,9:11:23,March
2019-03-03,1:47:55,March
2019-02-16,12:45:44,February
2019-02-20,23:39:47,February
2019-02-10,17:45:34,February
2019-01-01,1:31:26,January
2019-02-05,6:15:47,February
2019-03-15,2:20:52,March
2019-02-21,22:25:33,February
2019-01-24,3:13:50,January
2019-01-26,8:27:03,January
2019-03-28,5:15:07,March
2019-01-03,21:25:19,January
2019-01-07,8:47:00,January
2019-02-26,21:42:56,February
2019-02-27,12:34:50,February
2019-01-19,10:30:50,January
2019-01-01,16:26:43,January
2019-01-19,8:54:53,January
2019-03-01,12:21:19,March
2019-03-28,2:08:37,March
2019-01-13,11:33:50,January
2019-02-27,12:30:35,February
2019-02-03,7:28:07,February
2019-01-04,16:06:18,January
2019-01-12,10:03:55,January
2019-03-24,23:17:59,March
2019-01-28,15:09:12,January
2019-01-15,20:02:14,January
2019-01-03,6:25:35,January
2019-02-21,14:49:02,February
2019-02-28,8:13:32,February
2019-02-20,12:57:58,February
2019-03-08,16:52:47,March
2019-03-13,13:46:23,March
2019-01-23,20:40:36,January
2019-01-28,6:17:08,January
2019-02-17,3:09:35,February
2019-01-28,18:28:17,January
2019-03-01,11:51:45,March
2019-03-18,1:41:43,March
2019-03-10,3:09:50,March
2019-01-14,20:08:33,January
2019-01-10,6:59:27,January
2019-01-09,1:39:20,January
2019-03-19,2:54:23,March
2019-02-10,0:39:12,February
2019-01-22,9:21:06,January
2019-01-07,11:57:00,January
2019-01-21,13:37:58,January
2019-03-21,3:28:25,March
2019-02-06,17:36:15,February
2019-03-25,21:55:58,March
2019-02-22,5:19:46,February
2019-01-05,23:28:26,January
2019-01-01,7:10:23,January
2019-02-27,11:09:45,February
2019-01-29,3:08:42,January
2019-02-28,8:19:47,February
2019-02-05,2:22:26,February
2019-03-29,16:08:10,March
2019-01-01,8:18:48,January
2019-01-30,16:01:31,January
2019-03-06,18:34:10,March
2019-02-22,22:08:59,February
2019-02-24,8:20:29,February
2019-01-26,7:55:31,January
2019-02-15,5:12:04,February
2019-01-26,0:17:55,January
2019-03-02,19:38:51,March
2019-03-11,19:26:30,March
2019-03-01,1:56:01,March
2019-01-28,6:50:12,January
2019-02-27,0:10:42,February
2019-01-01,21:55:37,January
2019-03-28,5:24:03,March
2019-01-27,15:15:33,January
2019-02-08,11:05:09,February
2019-02-04,12:22:15,February
2019-02-16,2:14:01,February
2019-01-21,17:27:38,January
2019-03-09,10:32:30,March
2019-03-06,11:00:56,March
2019-02-15,8:22:46,February
2019-02-10,13:37:17,February
2019-01-07,1:46:34,January
2019-02-02,8:04:02,February
2019-01-18,13:42:12,January
2019-02-07,7:08:48,February
2019-03-15,4:35:27,March
2019-03-06,23:54:47,March
2019-03-22,21:16:13,March
2019-03-15,2:52:04,March
2019-03-02,14:32:14,March
2019-02-16,14:51:03,February
2019-03-26,23:24:49,March
2019-03-20,0:01:20,March
2019-03-25,17:38:45,March
2019-01-01,3:43:59,January
2019-03-12,8:39:57,March
2019-02-01,6:32:20,February
2019-03-28,6:33:30,March
2019-03-25,20:49:00,March
2019-03-11,0:24:23,March
2019-03-09,2:33:24,March
2019-01-15,16:33:41,January
2019-03-28,20:41:35,March
